https://royaldohatrading.com/contact.php,"+974 4038 8615, +974 4480 4962, +974 6681 5861, 1705786252522, +974 3366 3395, 375132956437107, +97466815861",info@royaldohatrading.com
https://www.indyafoods.com.au/,"0397935373, 03 9793 5373, 1397296684799, +910397935373",indyafoods@indyafoods.com.au
https://www.altayeb.ae/,971 2 494 9111,None
https://datarspices.ae/contact-us,"9716 7435240, 9716 7436963, 91 22 4004 2208, +91 22 2666 1965, +91 22 40051599, +91 9820874721, 392858567, 56988980597, 97167435240, +97167435240, 971 674 3524, 124345344250156, +97167436963, 1576080720785, +912240042208, 9820874721, 02240051599, 1521624487, 1744250153",datarsm@eim.ae
https://www.aalghanim.com/,None,"sales.leasing@alargan.com, contactus@aalghanim.com, Contactus@aalghanim.com"
https://www.hosindia.com/contactus,863327865,None
https://rubysfoodproducts.com/,"107166401032292, 6 448 444 300, 129 492 109, 128-128 128 128, +442087997180, 020 8799 7180, 20210105104326",mail@rubysfoodproducts.com
https://globaltradeplaza.com/member/orma-plaza-gen-trad-co-w-l-l,"11362268247, 536331427920283, 2545-24390921, 99999999999, +919696037170, +91 96960 3717, +918429088885, +91 842908 8885, +96524758361, 96524758361, 1733832225, 1639740048, 1625206700, 1621019017, 1625205304, 1733832607, 1733832659, 1733833456, 1733898772, 1733835520, 1733835545, 1733833251, 1733833327, 1733835452, 1733835480, 1733835280, 1733835313, 1733835044, 1733835156, 1733833690, 1733898809, 1733835668, 1733835738, 1733835811, 1733835857, 1733835905, 1733835927, 1733836053, 1733836073, 1733833911, 1639738826, 1733836219, 1733836176, 1733836267, 1733836323, 1733836426, 1733836451, 1733833963, 1639740836, 1620756788, 1620757598, 1621019374, 1625207864, 1733836621, 1733836638, 1733834078, 1639741222, 1733836562, 1733836584, 1733898906, 1733898927, 1733898975, 1733898993, 1733836689, 1733836729, 1733834298, 1639741754, 1733837237, 1733837254, 1733836858, 1733836880, 1733837078, 1733837135, 1733836995, 1733837035, 1733837302, 1733837322, 1733834346, 1640323903, 1666185826, 1677126820",contact@ormagroupintl.com
http://one.airtel.in/rcconf,None,None
https://tastyfood.ae/contact-us/?srsltid=afmboophcliyccfpolf2qoovy7bkowaoh9prim2inwvkrtfl8uxhjsvx,"1729930063, 1729930066, 1729932511, 1712509895009, 457975769986812, 16519615965, +97165346034, 06 534 6034, +971581194751, 058 119 4751, 1729929971","care@tastyfoodme.com, info@tastyfoodme.com"
https://gcc.luluhypermarket.com/en-sa/,"1056-225266716, 0319874555, 2645-3920605069, 189390859720, 8001000330, 6739010114, 8390898796, 6079607964757, 676978226, 300060864110003, 1010227701, 085925566005, 45-3920605069, 4142-9169-8112, 000100010001, 000100010002, 000100010003, 000100010004, 53567262956, 000100010005, 68-2484-4421-9280, 5278389900, 000100020001, 000100020002, 000100020003, 000100020004, 000100020005, 000100020006, 000100020007, 000100020008, 000100020009, 3-8092-1960, 000100030001, 000100030002, 000100030003, 000100030005, 000100030007, 69-1030-4988, 000100030008, 00010003000, 807-680471647, 5-4132-8487, 000100060001, 000100060002, 000100060003, 000100060004, 000100060005, 933888339, 5631957241, 000100060006, 000100060007, 76-724769719, 4178203796, 000100060008, 000100060009, 189-6365549, 00010006000, 683-8917-4995, 62-6707892745, 6-2280-4158",ksa@luluhypermarket.com
https://datarspices.ae/contact-us/,"9716 7435240, 9716 7436963, 91 22 4004 2208, +91 22 2666 1965, +91 22 40051599, +91 9820874721, 392858567, 56988980597, 97167435240, +97167435240, 971 674 3524, 124345344250156, +97167436963, 1576080720785, +912240042208, 9820874721, 02240051599, 1521624487, 1744250153",datarsm@eim.ae
https://www.alrawabigroup.com/,"+974 44689844, +974 44806447",None
https://www.reachuae.com/brands/game-boy-b9905,"8007584467, +97165352743, 971559303946, 97165352743, 1234567890",None
https://www.princes.co.uk/contact-us/,"1743352301, 1743352230, 1743352382, 1743352610, 1740632311, 1729076158, 1743352311, 002677 100, 1743352611, 476953186944, 1744265008, 1744264648, 1743352231, 1744263208, 1744263209",None
https://www.harmanimpex.co.nz/contact,"2841093428761, +64 9 828 6642",harmanimpexnz@gmail.com
https://www.loandsons.com/?srsltid=afmboopzfbyhuzqyomed9rntbhoegbm9zqqicpw8pmzna5fb-3r9qd5f,"1613667136, 03561731082323, 56141731082306, 9411731082367, 121731944455, 128928940128, 3936705000, 1744274083, 1060834584, 2454534897, 65331743683208, 37801743683209, 4903862368, 1602173277, 487030880, 2619563709544, 481296480, 152141920, 1742482599, 1742483189, 1742483277, 1742483483, 1742222523, 1742483528, 1742483555, 1742483580, 1742483615, 1742483642, 1742646750, 1742646763, 1743792467, 1743785636, 1743785655, 1730758630, 1730758654, 1730758712, 1730758743, 1731097875, 1731098030, 1730758809, 1691163799, 1716300699, 1729968820, 1729965585, 1729959834, 1729959950, 1713325236, 1713325139, 1625682257, 1613714053, 1629151182, 1629151077, 1676481281, 1629143728, 0191731082323",None
https://gramisuperfoods.com/?srsltid=afmbooqlo6fjpmnsybf6jk_sm-3_pctffmid8kbv-tirovt14pavebrv,"+919731697135, 1743932443, 1743932442, 1743932482, 1739697037, 1743932423, 115427209017, +919900163847, 0 0 1000 1000, 629 125 613 133, 296 454 292 471, 292 487 292 504, 296 521 308 533, 617 867 629 875, 646 875 663 875, 679 871 692 858, 704 846 713 829, 713 812 713 796, 708 779 692 767, 438 487 692 225, 700 217 708 204, 708 187 708 171, 704 154 692 142, 675 129 663 125, 708 521 713 504, 713 487 713 471, 708 454 696 446, 388 133 375 125, 354 125 338 125, 325 129 313 142, 300 154 292 171, 292 187 292 204, 296 221 308 233, 563 492 304 771, 292 783 288 800, 288 817 288 833, 296 850 308 863, 321 871 338 875, 354 875 371 875, 388 867 400 854, 489571885, 489007744, 488621113, 488633278, 488420958, 488405069, 487770965, 488505311, 487351472, 487115819, 487221934, 486841735, 486716186, 486647295, 485901308, 1744274083, 105545744, 1403365310, 919900163847, 61632842250, 021270751953125, 1743932424, 268435456",info@grami.in
https://baniyasspikegroupllc.com/,None,None
https://falconglobalonline.com/headoffice.php,"1513855895339, +971 4 2895440, +971 4 2895441",falcong@emirates.net.ae
https://www.facebook.com/permalink.php/?story_fbid=122116783280485569&id=61564567091049,None,None
https://www.facebook.com/heritagefoodmart/,None,None
https://www.trsfood.com/contact-us/,None,None
https://sakaispice.com/about-us,"955 537 554, +81-48-852-4841, +81-48-855-6618","info@sakaispice.com, eduardo@vadimarperu.com"
https://www.almaya.ae/bahrain/contact-us.php,"134708131, +97317777689, +973 17 777 689, +97317777679, +973 17 777 679, 1555936496613",operations.bh@almaya.ae
https://www.ansell.com/ph/en/about-us,"582290-654, 3597675 960, 51531347649, 42431314172, 8304497497, 4295615646, 7485220397, 56810480618, 8515856288, 3137271316, 30594360956684, +60 3-8310 6688, 4372996021969, 1075748161",None
https://www.eximtics.com/contact-us/,"+03 55650 5164, +601 12345 4964, +960 333 0010, +960 959 0010, 159133798","sales@eximtics.com, sales.mv@eximtics.com"
https://velspices.com.au/pages/contact?srsltid=afmboorphzd-wwbgzz63tzv49n85i9jxhoraelr39ft2yfpm4xpnfvax,"03451714705819, 1698705155, 16733805667, 1698103799, 728181702, 769272831, 1961714705819, 2121740657474, 57201714705819, 72291741145535, 62816092337, 136704295089, 1718591634, 1740109082, 089-1744274084, 93934485681, 1060834584, 2454534897, 8241714705819, 1311714705819, 81041714705819, 50691714705819, 58091714705819, 33791714705819, 1735213048958, 175591773, 1735213058, 2147483640, 1714449566, 2147483630, 583368881, 305496241, 56434772453, 245825713, 255717153498171, 111739057, 16986224033969, 1699330504, 1702701837, 1699358952, 16986228621489, +0397828611, (03) 97828611, 610469061661, +61) 469 061 661, 1699240585358, 0397828611, (03) 9782 8611, 1699240302124, 039783 0453, (03)97830453, (03) 9783 0453, 16986223902897, 0 14222 1422, 14222 7112, 0-562 275-1111, 814-139-1592-139, 1624 0-2686 984, 0 0 8222 1413, 14223 7111 1422, 0397 828 611, 046 906 1661, 1698105374440, 132650270897, 135946928305, 135947452593, 136124006577, 136125677745, 136133673137, 136279392433, 136280080561, 136332411057, 136391458993, 136401617073, 136519254193, 136537735345, 136538914993, 136542748849, 136701149361, 137303916721, 137790095537",enquiry@velspices.com.au
https://www.blacklineuae.com/,"20241027005420, 970490436, 33527072171, 1624968900, 1729979661, 980407213690, 175167183, 9965312770, 239888221, 508215548, 0033132457, 188420089, 101434257, 654649367, 184551394, 1625633055, 579812752, 39755785326, 208040560, 776363427, 1625655005, 45643403571, 1625654889, 263301166, 1625655393, 1625631825, +971) 65340035, +971) 65345550, 8338582686, 1614774584, 1624966786, 1855961477",info@blacklineuae.com
https://www.spicytradeco.com/,"201005776456, +20 10 0577 6456, 505554525",None
https://www.top-op.com/,+44 (0)203 137 4477,None
https://www.sarayaoman.com/,"96897997537, +968 9757 5579, +968 9599 9272","info@sarayaoman.com, sales@sarayaoman.com"
https://www.linkedin.com/in/marufa-khanom-952885159,None,None
https://www.riversideburgeon.com/contact.html,"1601698088136, +1 519 872 4132, 16478344132",info@riversideburgeon.com
https://www.seair.co.in/us-importers/bains-wholesale-food-ltd.aspx,None,None
https://contilgroup.com/contact,"11478203422, 1-800-222-000, 1) 647-297-1664, 1685450681292, 0265-2342680, 0265-2350863, 1685450756376, 647-297-1664, 1685450790838, 905-487-7708, +1 647-297-1664, +919824300755, 1715420803","info@contilgroup.com, accounts@contilgroup.com, office@contilgroup.com, sales@contilgroup.com, purchase@contilgroup.com, investor@contilgroup.com"
https://msglobalfood.com/contact-us/,1502479236140,"info@msglobalfood.com, commercial@msglobalfood.com, logistic@msglobalfood.com"
https://gobindsweets.shop/,"+61 401 590 000, 1742181995624",gobindsweets.shop@gmail.com
https://www.kln.com,"505694788, 509031122, 1153448444, 539280639, 346590818754858, 1496118019",None
https://sharafiyafmcgtrading.com/contact,"310495913600003, 4030371716, 00966555803125, +966 555803125, 012 6354855, 1699248713494, 966555803125","director@sharafiyafmcgtrading.com, info@sharafiyafmcgtrading.com"
https://www.aigroup.com.au/,"179095537, 978761393, +61398670100","workplaceadvice@aigroup.com.au, info@aigroup.com.au"
https://sundineproduce.com/,"1554253853, 1619035381, 1619035375, 1552878830977, 1552861462465, 1552860994409, 1552775685352, 1552879652135, 1552775689848, 1554229859502, 1553621448930, 1552879919741, 1554000885995, 1553567825924, 1553567783835, 1554130136909, 1553567776282, 1554249278392, 1554249417282, 1552954859267, 1554169205654, 1554169289952, 1554307976249, 1-1744274086, 11-782019592, 2-1744274086, 11-1928481869, 160 0-160 160, 352 160-352, 160 192 160 352, 0 0 1792 1792, 531-531-531 531",sundine@sundineproduce.com
http://one.airtel.in/rcconf,None,None
https://primefoods.us/employment/,"206541922, 1742955057, 74540-0209-0139, 168240815, 995410658, 9954106702, 208 93-208 208, 115 93 208 208, 208-93 208-208, 115-93-208-208, 9272352177, 580282414, 70524267548, 320226232, 034555651, 128732059, 586686141, 274365804652, 954891169, 719743511, 409643165377805, 5502138996, 372255954, 150026644, 8361960078844, 147859714, 215710883, 037874567, 6337602773, 0198606049, 731259662, 812-897-3783, 812-897-4183",None
https://hussain-qaisar.com/contacts/,"160-201-16082107, 1595332622199, +965 24921244, 1595331247281",oldman@hussain-qaisar.com
https://globaltradeplaza.com/member/dhillon-group-of-companies-ltd,"11362268247, 536331427920283, 2545-24390921, 99999999999, +919696037170, +91 96960 3717, +918429088885, +91 842908 8885, +85223666534, 1733832225, 1639740048, 1625206700, 1621019017, 1625205304, 1733832607, 1733832659, 1733833456, 1733898772, 1733835520, 1733835545, 1733833251, 1733833327, 1733835452, 1733835480, 1733835280, 1733835313, 1733835044, 1733835156, 1733833690, 1733898809, 1733835668, 1733835738, 1733835811, 1733835857, 1733835905, 1733835927, 1733836053, 1733836073, 1733833911, 1639738826, 1733836219, 1733836176, 1733836267, 1733836323, 1733836426, 1733836451, 1733833963, 1639740836, 1620756788, 1620757598, 1621019374, 1625207864, 1733836621, 1733836638, 1733834078, 1639741222, 1733836562, 1733836584, 1733898906, 1733898927, 1733898975, 1733898993, 1733836689, 1733836729, 1733834298, 1639741754, 1733837237, 1733837254, 1733836858, 1733836880, 1733837078, 1733837135, 1733836995, 1733837035, 1733837302, 1733837322, 1733834346, 1640323903, 1666185826, 1677126820",info@starmart.com.hk
https://www.ambuusa.com/local-distributors,"+45 9725 0333, 1-800-262-8462",None
https://www.godrejsrilanka.com/contact-us,"1800-266-0007, +94 11 4324 970, 30682-0010",gcplcommunication@godrejcp.com
https://www.sabinaenterprises.com/molds,"8-4436-8085, 2545352419, 1744123611251, 392823-749, 276-1246-058, 589730650, 945486754, 14-216071924, 036-5516-6104, 076-4753-8303, 700-8487-6366, 309-7865384, 734527084, 635-8505-3391-9791, 9392-5604-1148, 11-27356412895, 72-8991-4767, 868287786",None
https://www.lifco-group.com/about-us/,+971 6 533 5635,info@lifco.com
https://www.totalfoodsolutions.org/,"8720197499, 1160557209, 1723743688252, 1243667655, 1000000999, 1000009999, 1705692124, 1112353738, 1011018909, 1923160809, 1107046620, 1710446972, 1468143198, 1665075025, 1023835372, 1187496828, 1476917136, 1050413930, 1807394857, 1377220511, 1241173112, 1964328471, 1655486006, 1677919435, 1961777206, 1861705244, 1246161842, 1135461479, 1325435802, 1465746078, 1281633626, 1555298833, 1948180526, 1072334908, 1211740048, 1787475920, 1716942098, 1564551636, 1723524282, 1839067655, 1010530698, 1363294539, 1292952422, 1532469785, 1974699819, 1901957768, 1784460746, 1647356936, 010101107346, 010101215837, 010101933972, 010101703424, 010101249926, 010101679197, 010101891034, 01010165061, 1362986591, 1001722256, 326082-640, 1198399193, 326082-1920, 1670592265, 1601896883, 1227174123, 1321584136, 1590078764, 3218467-640, 1380926917, 3218467-1920, 1376144134, 1562140139, 1754997132, 1469942216, 1573522578, 1761992403, 1709005236, 1914255413, 1042954107, 1456770677, 1630001966, 1096153291, 1756570469, 1323687467, 1566102235, 1173148036, 1620106714, 1780179331, 1530962528, 1134406078, 1690770296, 1089929316, 1790320328, 1303154833, 1832529896, 1065338147, 1322344731, 1553966102, 1081444844, 1664341991, 1493770408, 1150721954, 1430323417, 1028838670, 1007208783, 1128772181, 1768267656, 1675628586, 1087117015, 1603933856, 1886156542, 1232725426, 1562090543, 1700366283, 1362813161, 1879859550, 1273529072, 1026505562, 1831281377, 1288802323, 1008494840, 1728421368, 1328462841, 1718871053, 1527885107, 1495004503, 1598075995, 1067792314, 1376151024, 1613067302, 1316265118, 1007205166, 1261745032, 1401309744, 1735634839, 1034623567, 1949672797, 1273013346, 1951545199, 1905101212, 1084978687, 1281761026, 1725187573, 1261397597, 1046866891, 1578125942, 1197931612, 1776671076, 1236132194, 1165459327, 1036129745, 1814126786, 1668393585, 1925532607, 1990434338, 1721957213, 1064035418, 1412340774, 1559665665, 1349484114, 1192975686, 1229359582, 1746879656, 1301314648, 1951833803, 1540536220, 1710352393, 1640392252, 1795127781, 1655381483, 1414909229, 1786547186, 1311965179, 1001533612, 1372738263, 1706597064, 1025434724, 1536604388, 1126920252, 1885165238, 1410910548, 1650065264, 1943048428, 1752509794, 1525568490, 1463875706, 1283540697, 1090824864, 1452180325, 1619653406, 1553736947, 1970173654, 1826859643, 1632155419, 1253858808, 1063824722, 1901167991, 1067941554, 1669146944, 1470016257, 1145671085, 1254005170, 1001899659, 1729910211, +44 (0) 7478800714, 1960809797, 1420403888, 1089296123, 1711255564, 1368639467, 1929023622, 1352480494, 1279174711, 1613027867, 1743471169, 1792963178, 1169862172, 1247562396, 1733405672, 1037358784, 1597729563, 1502398816, 1160038020, 1418211126, 1025236197, 1023292903, 1048928646, 1229878666, 1482792844, 1143483905, 1216301400, 1886008876, 1318729214, 1807426489, 1428986141, 1036058482, 1616737894, 1865443263, 1355072188, 1955734865, 1183140759, 1519079854, 1491127253, 1762136989, 5975986930429, 1720675683, 1016009492, +447478800714, +44 7478800714, 1312794786, 1333716037, 1841309531, 1307105944, 1236746004",hello@totalfoodsolutions.org
https://www.malaysiabusinessgroup.com/our-members/all/item/es-food-industries-sdn-bhd,"682407720, 4339003458, +6012 632 2335, 60126322335, 202001003267",enquiry@malaysiabusinessgroup.com
https://elegancefoodsukltdworldwide.uk/contact/,"447568787068, +447886292326, +447871346853, 59044945045, +44 7886 292 326, +44 7871 346 853, +447886 292326, +447871 346853",None
https://www.aivaproducts.com/pages/contact-us?srsltid=afmboorkunuczlfgukd4l8pr1dqtab6wnjfldiyukrjjxtvehkugekpz,"1613550172, 3681703414065, 77741606592362, 5541608749436, 4241606592359, 0441735657086, 51593085098, 116195754154, 1744274090, 73883254954, 1060834584, 2454534897, 9231606592354, 3101606592386, 4081606592320, 9861648044573, 8521654292237, 169222733994, 864041480406497, 1616172102, 1656387682, 2019325516, 58099859626, 96 93 322 324, 0123456789, 99999999999999, 1606600060, 503185656, 2614463880050, 1613549929, 1613546722, 1573586798343, 123456789, 1585808499033, 1609368131, 740701752, 254239100, 1604319562, 8124581983, 2371606592324, 97821606592386, 1600088789, 3501606592355","info@aivaproducts.com, aivaexports@gmail.com"
https://geco-trade.com/,"32-5223934, 1602088524, 1531565329803, 1634201016063, 1690215156582, 1690215156580, 1690215156578, 1690215156576, 1690215156573, 1694433345545, 1694433345544, 1694433345077, 1694433345076, 1694433345075, 1694433345069, 1694433345073, 1694433345072, 1694433345071, 1694433345070, 1697448873028, 1697448873026, 1697448873025, 1697448873023, 1706509825122, 1697448351948, 1697448351947, 1697448351946, 1697448351945, 1697448351944, 1694435420146, 1694435420145, 1694435420144, 1694435420143, 1694435420142, 1694435420141, 1694435420140, 1694435420137, 1694435420136, 1694435420135, 1694435420134, 1694435420133, 1694435420132, 1694435420131, 1694759456633, 1694435420130, 1694435420114, 1694435420113, 1694435420112, 1694435419552, 1694435420110, 1694435420109, 1694435419551, 1694435420107, 1694435420106, 1694435419550, 1694435420104, 1694435420100, 1694435419987, 1694435419986, 1694435419985, 1694435419984, 1694435419983, 1694435419982, 1694435419977, 1694435419976, 1694435419974, 1694435419973, 1694435419972, 1694435419971, 1694435419970, 1694435419969, 1694435419968, 1694435419967, 1694435419966, 1694435419965, 1694435419962, 1694435419961, 1697448351940, 1694435419960, 1694435419959, 1694435419958, 1694435419957, +91-22-42100900, 1695195031223, 1694435419956, 1694435419955, 1694435419954, 1518031115953, 1688301849794, 1518031115950, 1518031115949, 1518031115948, 1688301849609, 1694759455299, 1694759455298, 1741001789695",info@geco-trade.com
https://mzholdings.co.nz/,"6421786547, +6421786547, 1640753560816",info@mzholdings.co.nz
https://basafwa.com/,"5525-4813-8896, 53-8854-392, 3671970494",None
https://majestic.com.sa/,"1738138906, 1738139209, 1738138907, 1723378575677, +966 920012019, 1733043232",None
https://www.shardagroup.com/biscuitsandconfectionery.php,"1525146343, 1514373194, 1514373866, 1514371513, 1514371252",None
https://smartfood.ae/,"+971-56-546-0780, 1741905125, 1741905126, 1742220310, 1742220313, 697416445, 203635046",online@smartfood.ae
https://www.sabrinifoods.com/,"1740460586, 1740460587, 1800722436, 1800 722 436, 1740462078407, 53607271617, 03 9767 6666, 03 9767 6677, 6958784948, 02 9756 6666, 02 9756 2366, 0477656861772, 777344776566766, 404473405251415, 514362514340504, 707770377, 767437786, 1273320323",None
https://desertrose.qa/contact-us/,"1634472523575, 1558099602526, 1558099606293, 1557844331550, 1558099799042, 1558099811833, +97455544549, 97455544549, 2055544549, 3735002686, +974 55544549, 0 0 1024 1024",info@desertrose.qa
https://shreedhanasfood.com/,"1742972037, 1742972038, 603-33238019, +603-33238019, 1742974409",shreedhanas@gmail.com
https://www.roshnifoods.com/contact.php,1712739941155,"Info@roshnifoods.com, info@roshnifoods.com"
https://www.primetrading.co.om/contact/,"96893728515, +968 24815582, +968 23201841, 1731993141583, 1717154388750, +968 24 815582","info@primetrading.co.om, info@primetradingllc.com"
https://www.redwavemaldives.com/about.html,None,None
https://www.satvikstore.com/en/contact-us,"1628942303, 1744274092, 0471910143, +65 90566566, 6590566566, 694300423",your@email.com
https://businessreport.ctoscredit.com.my/oneoffreport_api/single-report/malaysia-company/1346113x/SIY-DISTRIBUTION-SDN-BHD-,"201901036783, 03-27228882","contact@ctosbasis.com.my, sales@ctos.com.my"
https://shanafoods.ca/contact,"938335983545989, 232430367, 7065-3720-4944, 29212807342, 999999999999, +44 20 8782 3200, +91-22-62361872, 919897989",None
https://en.52wmb.com/buyer/183220566,"183220566, 1744269925023, 178284298, +8616621075894, 1744274092787, 2023042402",None
https://www.adapt.io/company/sonnamera-com-sg,None,None
https://ssrindiansnacks.com/index.php?route=information/contact,"1733366210, 0 0 1792 1792, 531 531 531-531, 171891038, 765625 1234, 171875 1233, 765625 1374, 828125 1373, 296875 1233, 765625 1372, 234375 1227, 234375 1372, 828125 1228, 234375 1374, 171875 1375, 296875 1376, 765625 1227, 234375 1376, 671875 1227, 234375 1373, 90625 1227, 234375 1234, 765625 1233, 328125 1233, 765625 1375, 09375 1233, 765625 1377, (20034 1694, (255 255 255, 1590403638580, 356775628, 1822533238, 2135649986, 972321531, 1562281236, 148894419, 1047838271",None
https://wise.com/us/swift-codes/uovbmyklxxx,None,None
https://www.multiplexinternational.com/contact-us/,"1686287325, 1686287326, 1725996270, +971 44295900, +971 44295901, +97144295900, +971 4 429 5900, 1744115052",info@multiplex.ae
https://www.yaquby-international.com/contact-us.php,"+973 1774 0600, +973 1774 0230, +97317740600, +97339451203, +973 394 5120, +97366337742, +973 6633 7742, +97366337754, +973 6633 7754, +97333916600, +973 3391 6600",mail@yaquby-international.com
https://spiceway.uk/contact-us/,"1491071756233, 1670174809567, 1663154809034, 1663153422446, 1663153437570, 1663089543791, 1608862743714, 0141 647 7575, 074787642, 01416477575, 10000000000, 1661880096459, 1608372682738, 0 0 2000 120, 1742220380",info@spiceway.uk
https://en.52wmb.com/buyer/26131494,"1744269925023, 1608220330, 165641054, +8616621075894, 1744274094077, 2023042402",None
https://sofantrading.com/,"120649541, +96824792830, +968 24792830, +968 2447 2008, +968 24798377","cad@sofantrading.com, sales@sofantrading.com"
https://www.business-sweden.com/contact/,"040725093424, 720439192568, 489976520, 905584236, +46 8 588 660, 040725093420, 040725093232",None
https://snackstar.in/pages/contact-us,"91841658238304, 901382179997, 55341631045124, 8911716451044, +91 8595877528, 1631188645, 1631141171, 4311631045105, 2611631045116, 126418190487, 75261631045139, 391631045135, 9731631140682, 5261631045109, 8031631045116, 35171631197047, 55321631045079, 49911631045141, 1821631045125, 16401631045122, 72631631045112, 5091631045111, 17321631045114, 1841631045094, 312118840468, 300441827470, 75981631045082, 4191631045084, 97451631045134, 39752925335, 1744274094, 60119613591, 1060834584, 15019580522686, 80737828973, 119132553379, 127888261273, 120671764557, 127206391975, 124911878343, 129053556899, 130176483563, 83363135547, 127224905890, 128183238825, 121626001450, 128436207779, 126645436574, 78688190528, 126064197743, 126068424815, 120322228421, 130799337696, 46687715446, 127451070656, 129100710134, 129671594227, 120469553214, 130062188793, 82067357754, 120983912582, 120369578057, 130470019331, 120462475319, 127996854460, 130594570480, 130672132327, 128947716321, 127314591896, 83988611152, 129805517019, 78845083690, 115508674743, 128206995661, 100362846357, 120784257083, 34111717418, 120335597683, 117880127678, 120766857282, 118169567395, 128323682475, 129017151646, 120730026086, 120202330172, 127696601253, 127212224681, 128778993825, 128874381502, 130479980795, 127155077308, 127501271193, 124851290286, 111865069718, 130392850667, 121476972750, 106077028505, 126509940897, 120539807803, 126757798039, 120614125614, 127262195874, 129406238956, 127869583521, 120268783765, 130786853088, 127205638301, 129242169588, 126566301866, 127926042805, 123465531598, 33046298681, 126271881366, 123280326843, 120660263047, 128350421172, 129878786289, 125027090582, 126841847994, 121461932119, 121483919447, 120811651127, 120758272113, 127077777575, 81985273939, 81229676633, 127030886556, 124154511545, 124946907292, 128972488873, 121278300238, 129737261268, 124306260157, 127378358427, 120577916974, 80593911882, 130686451948, 120802476109, 126108598383, 131346006265, 120887935110, 121707135049, 130279211239, 131168403680, 120283299938, 129372717227, 129302724766, 128979108001, 120686968967, 128547291316, 120875909233, 130515665108, 128892567741, 126970560664, 121538052170, 122360889387, 122496352299, 128170688718, 121463341165, 122584236164, 130676916480, 120722587691, 123091583019, 122454343871, 131016327425, 129167786211, 131263561981, 127239291074, 13127483458, 126144807023, 131839033593, 128065306830, 103366918310, 120951472214, 127944982779, 120779047, 128154566862, 130925822189, 122949238837, 114752028871, 131752820971, 130162163939, 131801710834, 120253349923, 127299354831, 130536571110, 129126596790, 129341784278, 129251934394, 120445141061, 128403112108, 129514012844, 126005149904, 126989533362, 128851181746, 129138098330, 124174696500, 117190754503, 130993914102, 120502288521, 129210613942, 120337039437, 129469907108, 128543719643, 121703432273, 120967626838, 79611396230, 120767545446, 123360280635, 131269722334, 126998315188, 130996437232, 7325068099824, 81696161879, 124403581079, 126382375068, 129259339989, 120602034348, 120750932086, 37292048474, 128743276713, 125877321883, 121709822033, 120673927265, 127442911398, 132236738806, 124594323594, 127745196222, 131283812602, 121903513782, 132432888038, 130955051255, 108117885088, 126415077543, 120573755624, 131694854401, 133167055091, 122270056529, 122189709395, 129251311810, 107258904743, 131334963412, 120648761411, 127665242282, 124281585855, 125196075193, 130978185468, 132067950804, 126217715823, 128889159913, 80742613035, 121649922084, 128023789812, 121384534069, 127375900879, 120715149443, 83785252961, 102428639388, 117994193089, 125656793256, 119142875313, 120260264097, 131883106521, 116285898908, 122062733451, 123061534781, 131802431718, 123925037101, 120257609879, 121037488182, 121116196945, 125839704271, 123888271529, 129582465197, 129238991038, 128830603423, 132658331868, 123503050786, 120281235606, 128328761585, 132133224660, 117864857764, 123076706487, 132258857188, 120800084055, 121206440010, 131823108318, 118742712508, 120796479640, 130320236761, 120540627013, 128987070719, 125501472918, 132063559924, 121040732239, 126621384863, 127686312116, 131941695747, 132489740507, 132962517250, 126091198511, 131800924403, 129216381123, 130528018656, 126670274728, 132101734612, 127699648706, 121655754837, 123651391646, 123554562241, 122892943519, 130003861690, 128864288942, 132492984569, 127070273694, 77680803949, 132704665848, 127171723416, 120303091810, 565346553, 602925934, 176095481, 396586607955998, 1613795227, 1631042121, 1581507819652, 011 41645145, 1581507824602, 1581507828337, 1581507840818, 1581507835369, 1620128257, 5991658229639","contact@the4studio.com, snackstar.in@gmail.com"
https://ultranl.com/contacts/,"110977653576435, +91 11 4151 7010, +91 11 4151 7050, +61 (0) 416 803 264, +62 2186 7700, 1686131019398, +02078469215, 2983-002-150, 14511449-150","ultra@ultranl.com, info@goldengrovenaturals.com, ultra@ultraintl.com, info@vanaroma.com, ultrasg@ultraintl.com, ultrauk@ultranl.com, ultrausa@ultraintl.com, santsanganeria@gmail.com, ravisanganeria@ultranl.com, priyamvadasanganeria@ultranl.com, pmazumdar@ultraintl.com, bhuvana@ultraintl.com, lisapiccininni@ultranl.com, colin.ringleib@ultranl.com, miguel.doval@ultranl.com, gaetanbourdeau@ultranl.com, name@company.com, Miguelangel.doval@gmail.com"
https://yummybazaar.com/,"1455724452, 1666116728, 3991685516849, 5751673425417, 32251693807959, 04891664336375, 31461664347458, 51427076308, 42493472730, 406317183, 382704988, 1702287238, 132590043315, 1742079981, 16-1744274095, 1060834584, 2454534897, 957999975, 02706698-0383-431, 1665632018, 524583091, 844-986-6922, 1741415300, 15989790081203, 1742667370, 1742667386, 1742971076, 1742971092, 1741196938, 1741196954, 1662457149, 360053352733, 1662457165, 1662457219, 1662457231, 1737993434, 1736008145, 1733549100, 849-2799-4536, 1733549122, 1740842485, 1742235378, 1742235410, 1742235470, 1740934712, 1740934742, 1740934788, 1726402386, 1726402403, 1726402437, 1726402456, 1726402735, 1726402652, 1737996892, 1737996927, 1737996940, 1737996969, 1737997004, 1737997024, 1661923139, 1727026560, 1727026593, 1727026526, 1727026501, 1727026434, 1712410461, 4579000381, 1568672971, 5333810630, 16659745094, 23147249725, 1420787795, 428877231, 6527960003, 25788079866035, 1690549518, 2339784579, 6776685955, 59859730493, 1551068283, 4325391878, 14054371782, 1811017334845, 1555974323, 1879654072381, 14150018760765, 28540164276403, 1728652058, 8066888138931, 44152355913907, 18269667389, 1584703613, 382644063, 896527179, 5624293163069, 1574981685, 8697316172, 29913687052, 5509506367549, 1572829998, 8697202700, 29913312716, 38980714557, 1552076828, 2559770307, 7464549251, 37385764925, 1584702570, 2275672003, 6527579203, 25766930514099, 1689805508, 4325174918, 14053610438, 1662188300, 1662308922, 1739913554, 1739832440, 1739558319, 2100-6782-4215, 1685517144, 360009663433, 39631585399, 39631880311, 39631913079, 39631945847, 39631978615, 39631618167, 39631650935, 39631683703, 39704002679, 39704035447, 538053784583, 39707377783, 8760327754, 109351731261, 261989171261, 442069942451, 442069975219, 442070073523, 442085474483, 241233764, 442108674227, 442108739763, 442108936371, 442109231283, 911640348, 442109853875, 442111066291, 442111951027, 442113097907, 442113327283, 442113360051, 442114375859, 442116538547, 442116964531, 442117488819, 442118308019, 442118340787, 442118668467, 442119094451, 442120601779, 442120667315, 442121191603, 442110804147, 442294567091, 442326515891, 442332184755, 442332840115, 442415808691, 442479804595, 780652410, 442480853171, 442483376307, 442125090995, 442487603379, 9838094731, 442489536691, 442112999603, 09860433580, 442297024691, 442297057459, 129238139, 442542194867, 442542358707, 442542522547, 442556121267, 442543472819, 442556285107, 775240800, 442556481715, 946251602, 442556678323, 442563985587, 442564182195, 442581844147, 442582171827, 51832183270, 442590527667, 442590560435, 442590757043, 442590986419, 442595475635, 442591379635, 442595770547, 442595999923, 442596032691, 442603733171, 442603765939, 442608910515, 442609107123, 442609238195, 442609270963, 442609533107, 442609828019, 442666057907, 442666090675, 442666451123, 006010174, 442666778803, 442669400243, 442669433011, 442669629619, 442670907571, 442671104179, 442671202483, 442680836275, 442680869043, 442681065651, 442681295027, 442681491635, 1799075273405, 442683359411, 5643553204, 442683588787, 442684571827, 442684801203, 442684965043, 8365633915306, 442685128883, 442685325491, 442685358259, 442687553715, 442687586483, 442688438451, 442690371763, 442693681331, 442711769267, 442711802035, 442713669811, 442713899187, 442715406515, 442715439283, 442715570355, 442722681011, 442722812083, 442723041459, 442723074227, 442730086579, 442730283187, 442730512563, 442730676403, 442737197235, 442737230003, 442737426611, 442737787059, 442737819827, 442738049203, 442738278579, 442802798771, 178311987, 442813350067, 442813776051, 442814005427, 3159321323, 442821443763, 442821673139, 836101136, 442821836979, 3548731023741, 442822230195, 442822262963, 5740510624, 442822361267, 442822492339, 442822656179, 442822787251, 442822983859, 442823147699, 442824884403, 442824917171, 442825081011, 442831962291, 432865269308576, 442831995059, 442832289971, 442832486579, 5878658579, 442832584883, 442835468467, 442835501235, 204983192, 442835697843, 442838286515, 442838548659, 06912735010, 442992722099, 442582106291, 443002978483, 19874544669, 442608844979, 315072728, 443004125363, 443004715187, 341834683, 443012186291, 443012481203, 443015856307, 443018215603, 443019231411, 443020804275, 442609959091, 443021426867, 443022442675, 42342817541, 443023261875, 443023818931, 443028340915, 399107148, 443029553331, 443030077619, 446039556275, 446039589043, 446039687347, 451289448627, 451290136755, 451293642931, 442564116659, 442603602099, 454639091891, 454639124659, 454639354035, 454639616179, 459762106547, 460900040883, 457017098419, 461071810739, 04184450549, 462049509555, 465308418227, 465308450995, 462049476787, 465539596467, 465309106355, 1616534306995, 1663818416, 1616534274227, 1663826181, 1616538763443, 1663824717, 1616538665139, 1663822737, 1775894553, 2113339417, 61776101437, 1805877273, 271973777587, 61657677885, 1805910041, 61594632253, 61683269693, 61894230077, 61675143229, 1616552558771, 1663991530, 1807286297, 1809154073, 2113372185, 61776396349, 1616538566835, 1663820816, 61800480829, 276462043315, 61696311357, 1616552657075, 1663991324, 61796286525, 61675601981, 2113830937, 61775052861, 61655842877, 1663820854, 274560319667, 61683302461, 61774954557, 61655908413, 1553043586, 2097414169, 61891149885, 1616538534067, 1663820644, 61892034621, 61891838013, 61891903549, 61891739709, 156505473085, 61892001853, 290054766771, 281060409523, 307161497779, 52-8836-839",hello@yummybazaar.com
https://usafoods.com.au/?srsltid=afmbooqnjyq1i7lfj3e-ofxrrwcblxnfbtrlj949tmhw1g4sex5be6z4,"1338791509, 9000126565, 1071732251193, 67881732251193, 1670475225, 39863393668, 595577472, 74839939477, 3094444529, 72551732251193, 3389784110, 173819789628, 8-8237-33808744, 8-1744274095, 1060834584, 2454534897, 7-0912-4985, 1165328700, 992837948, 774799676, 986493072, 150733116, 1733443413, 23766086582588, 16359276425, 1743143782 180, 1743143782 360, 1743143782 540, 1743143782 720, 1743143782 900, 1743143782 1080, 1743143782 1296, 1743143782 1512, 1743143782 1728, 1743143782 1950, 1743143782 2100, 1743143782 2260, 1743143782 2450, 1743143782 2700, 1743143782 3000, 1743143782 3350, 1743143782 3750, 1743143782 4100, 1743143782 6400, 1743143782, 1743143781 180, 1743143781 360, 1743143781 540, 1743143781 720, 1743143781 900, 1743143781 1080, 1743143781 1296, 1743143781 1512, 1743143781 1728, 1743143781 1950, 1743143781 2100, 1743143781 2160, 1743143781, 1741055032 180, 1741055032 360, 1741055032 540, 1741055032 720, 1741055032 900, 1741055032 1080, 1741055032 1296, 1741055032 1512, 1741055032 1728, 1741055032 1950, 1741055032 2100, 1741055032 2260, 1741055032 2450, 1741055032 2700, 1741055032 3000, 1741055032 3350, 1741055032 3750, 1741055032 4100, 1741055032 6400, 1741055032, 1741055047 180, 1741055047 360, 1741055047 540, 1741055047 720, 1741055047 900, 1741055047 1080, 1741055047 1296, 1741055047 1512, 1741055047 1728, 1741055047 1950, 1741055047 2100, 1741055047 2160, 1741055047, 86028353582, 1561118150, 86178136110, 1561258241, 86478389294, 1663025067, 86294954030, 884912109101, 1561439591, 86295117870, 1663025046, 476411003196, 1705616367, 6-1702-4366, 1670490209, 1670810548, 1670491356, 1670492999, 1670493194, 1737969579, 1853412081710, 39334582419772, 1716506661, 4503377838145, 39969795440956, 1719880300, 4498431934529, 39969791213884, 1719880276, 4510504321089, 39969799373116, 87-9132-450, 1719880326, 4660276953153, 34306135032124, 1687748023, 4380342222913, 35256504385852, 1693372098, 6541056442433, 34679651008828, 1690155340, 4498432032833, 39969792885052, 1719880282, 6541057425473, 34679651565884, 1690155351, 6766529183809, 34559548096828, 1689299982, 6559538282561, 34679654580540, 1690155379, 1853410869294, 34028267307324, 1686019764, 4418224488513, 39042135523644, 1714538133, 6571530911809, 34559530434876, 1689299857, 4573671096385, 34029635567932, 1686025907, 6541057163329, 34679651369276, 1690155346, 4398320156737, 41892084351292, 1736133914, 4378494009409, 22997511602241, 1668128829, 4463098429505, 34029024182588, 1686023664, 4463098003521, 34029021790524, 1686023653, 1478526632862, 1478526645605, 1478526647261, 1740704200, 20250410183455, 689295491388, 77032784188, 46788854939964, 8696672452924, 570785792316, 1739437696413",contact@usafoods.com.au
https://griffithfoods.com/contact-us/,"1732685817, 1732685818, 1739827292, 1732685855, 422426-150, +593 2451 4980, 43 673 202 373, +44 196 343 5270, +33 140 992 626, +49 251 917 9970, +39 02 2743951, +918049414300, +91636639550, +918068349809, +25 073 328 3000, +971 4579 8767, +86 21 61250888, +86 532 55568950, +852 3765 6000, +66 2 018 1200, 1743678958","GLUSCustomerService@griffithfoods.com, media@griffithfoods.com, gfphilippines@griffithfoods.com"
https://www.worldtimbercorp.com/,"+19103266252, 4292293023334, 910-326-6252, 352189994814580, 100838669",None
https://www.worldfoodshop.com/pages/contact-us?srsltid=afmbooramzuqdkz6lnz8iujffjyoptssimh4kot3x25oslde06w4xvan,"1733093045, 25381732720183, 3101734177786, 644249422, 469833729, 97115271522, 250 250 250, 210 210 210, 151 151 151, 255 255 255, 229 169 133, 245 245 245, 249 249 249, 242 244 243, 244 216 220, 59851732720183, 51126534334, 174355251584, 1652115997535, 1713659943, 1247-1744274095, 73536471230, 1060834584, 2454534897, 0451732720183, 7531732720183, 02261733482633, 233439422, 205128064, 24079495725440, 221 221 221, 1732882238, 9891732720183, 94141732720183, 18051732720183, 2791732720183, 90231732720183, 1111732720183, 2331732720183, 37681732720183, 69581732720183, 2721732720183, 24079501459840, 24079496741248, 2351732720183, 5761732720183, 24079495627136, 3891732720183, 9581732720183, 61351732720183, 248 248 248, 0 14222 1422, 14222 7112, 0-562 275-1111, 814-139-1592-139, 1624 0-2686 984, 0 0 8222 1413, 14223 7111 1422, 2001732720183, 2431732720183, 8301732720183, 71732720183",None
https://www.kgfoods.com.au/contact,"607456110420, 1153623517, 1654239954201, 1000000999, 1000009999, 1814121987, 1505173214, 1254844414, 1680604052, 1387764224, 1547248544, 1637613561, 1144126408, 1125232148, 1796674060, 1677538370, 1245526186, 1187881962, 1239591093, 1273867511, 1552825434, 1558377049, 1203744042, 1362166972, 1696020413, 1306069268, 1561003098, 1683814473, 1127948998, 1132965139, 1677506771, 1933030273, 1344107697, 1740887795, 1005255386, 1395765572, 1461553952, 1690163214, 31 011130783, 31 110576970, 31 572243506, 31 697256251, 31 926766454, 31 003224538, 31 008955953, 31 048422277, 31 082451815, 31 156586364, 31 198236799, 31 225095513, 31 354558468, 31 494257599, 31 505173214, 31 523086677, 31 575129179, 31 619291547, 31 681602521, 31 814121987, 31 837856251, 1582363842, 1572243506, 1198236799, 1264498787, 010101661768, 010101759175, 010101824897, 010101885737, 010101513529, 010101678843, 010101830479, 010101115236, 010101790119, 010101935002, 1575129179, 1509741262, 1494257599, 1697256251, 1110576970, 1310806776, 1599089731, 1926766454, (03) 8782 0653, 0002549258, 1709005236, 1011130783, 1952803314, 1063689473, 1396310947, 1619291547, 1265114251, 1225095513, 1472869557, 1523086677, 1729847698, 1328181915, 1224408859, 1008955953, 1050453511, (02) 9764 2055, 1779184810, (08) 7225 4481, 1293666635, (07) 3412 0256, 1859800695, (08) 9303 2711, 1156586364, 1187702860, 1194681558, 1517996907, 1395943672, 1619191243, 1689683275, 1848562398, 1441761895, 1555665432, 1891415565, 1815897529, 1589977251, 1242988203, 1294411237, 1037691291, 1878786196, 1366901143, 1542570943, 1486976384, 1897048013, 1060045145, 1738160898, 1501370003, 1487505172, 1283337855, 1940633453, 1587149438, 1033924790, 1791359175, 1496268105, 1649960062, 1599751167, 1420472997, 1221321020, 1380574101, 1148097789, 1150862563, 1554023879, 1568308054, 1943048428, 1339080483, 1354558468, 1502866329, 1745764623, 1294917128, 1324647146, 1132904776, 1894719172, 1048422277, 1289532934, 1717456619, 1838203697, 1478617959, 1363157186, 1463178995, 1638116378, 1686005289, 1837856251, 1188157081, 1793928813, 1865585451, 1738521024, 1726443642, 1166154604, 1449882040, 1681602521, 1169947104, 1082451815, 1126643243, 1392387912, 1555708484, 1178182721, 1345438547, 1627008935, 1334932690, 1099129920, 1951800870, 1003224538, 1467673524, 1752039735, 1236746004, 4481323-2880, 1547600167",enquiries@kgfoods.com.au
https://www.bakkalinternational.com/contactus-2?srsltid=afmboopyzkz7y5pdkeqwszvly2n4lxfmexbsgvzp6g9wqmxbycck53vi,"+1 404-847-9942, 446880130422478, 198937086, 10786013628, 1612570621133",None
https://internationalgroceries.com.au/,"1739359940, 1739359936, +61734398860, +61 7 3439 8860, 344813931540113, 977136590014410, 703399851403530, 317348724252446, 0 0 1200 600, 828614804864274, 1739359937",info@internationalgroceries.com.au
https://www.heerafoods.com/contact/,"1744192863, 489452825, 686184584325294, 1744123514, 489363681, 646260284828829, 1744024992, 488899248, 1743937255, 488582353, +44 (0)1274 660118",info@pbfoods.co.uk
https://www.generalmills.com/,"585546487, 919654447, +1-800-248-7310, 9821172574, 39386269724, 3027089387, 379066-041, 3324147913903, 5066233420, 231-399310926, 1-800-248-7310, 31-2419875, 801006-21145082, 62903421-5047, 80-9479-6283246, 7501498083944, 3974-4061-8428, 93228054098, 083544467, 21261941309, 842274413321, 0520333999",None
https://www.britsuperstore.com/uk/contacts?srsltid=afmboopzy9akrpmj5sg91ntnsjqdtcsawkrvwemwubbdrtq8izlqin_7,"668136995, +44 (0) 1304 206069, +44 (0) 1304 214382, 140302051, 1741942122, 337925994499, 1743151351, 2246310684, 1678356939, 1678365055, 6332933748, 1636375013, 1722499343, 1744019059, 1743150504, 1674566288, 1742466975, 1623922227, 17936854582, 1742283230, 1612333496, 1681371878, 1741095094, 1741089762, 1715756493, 187151106, 1071874404",None
